<?xml version="1.0" encoding="UTF-8"?>
<beans:beans xmlns="http://www.springframework.org/schema/security"
    xmlns:beans="http://www.springframework.org/schema/beans"
    xmlns:xsi="http://www.w3.org/2001/XMLSchema-instance"
    xsi:schemaLocation="http://www.springframework.org/schema/beans http://www.springframework.org/schema/beans/spring-beans-4.1.xsd
    http://www.springframework.org/schema/security http://www.springframework.org/schema/security/spring-security-4.0.xsd">
      
<!-- 	<http auto-config="true" use-expressions="true">
		<intercept-url pattern="/login" access="permitAll" />
		<intercept-url pattern="/logout" access="permitAll" />
		<intercept-url pattern="/accessdenied" access="permitAll" />
		<intercept-url pattern="/**" access="hasRole('ROLE_USER')" />
		<form-login login-page="/login" default-target-url="/list"
			authentication-failure-url="/accessdenied" />
		<logout logout-success-url="/logout" />
	</http>
 -->

<global-method-security
		secured-annotations="enabled" />

	<http auto-config="true" use-expressions="true">
		<intercept-url pattern="/login"
			access="permitAll" />
			<intercept-url pattern="/accessdenied" access="permitAll" />
			<intercept-url pattern="/**" access="hasRole('ROLE_USER')" />
		<form-login login-page="/login"
			default-target-url="/list" authentication-failure-url="/accessdenied" />
	</http>

	<authentication-manager>
		<authentication-provider>
			<user-service>
				<user name="admin" password="admin2"
					authorities="ROLE_ADMIN" />
				<user name="admin" password="admin"
					authorities="ROLE_USER" />
			</user-service>
		</authentication-provider>
	</authentication-manager>

	<!-- <authentication-manager alias="authenticationManager"> <authentication-provider> 
		<user-service> <user name="admin" password="admin" authorities="ROLE_USER" 
		/> </user-service> </authentication-provider> </authentication-manager> -->
<!-- <user-service id="userService"> <user name="admin" password="admin" authorities="ROLE_USER" 
		/> </user-service> -->
	<!-- <authentication-manager alias="authenticationManager">
		<authentication-provider>
			<jdbc-user-service data-source-ref="myDataSource" />
			<jdbc-user-service id="userService" data-source-ref="myDataSource" users-by-username-query=
"select username,password from users"/>
		</authentication-provider>
	</authentication-manager>
	<beans:bean id="myDataSource" class="org.apache.commons.dbcp.BasicDataSource"
		destroy-method="close">
		<beans:property name="driverClassName" value="Driver" />
		<beans:property name="url"
			value="jdbc:mysql://localhost:3306/spring" />
		<beans:property name="username" value="root" />
		<beans:property name="password" value="root" />
		
		
	</beans:bean> -->

<!-- <jdbc-user-service id="userService" data-source-ref="dataSource" users-by-username-query=
"select username,password from users where username=?"/> -->
</beans:beans>