<?xml  version="1.0" encoding="UTF-8"?>
<beans xmlns="http://www.springframework.org/schema/beans"
	xmlns:xsi="http://www.w3.org/2001/XMLSchema-instance" xmlns:aop="http://www.springframework.org/schema/aop"
	xmlns:context="http://www.springframework.org/schema/context"
	xmlns:jee="http://www.springframework.org/schema/jee" xmlns:lang="http://www.springframework.org/schema/lang"
	xmlns:p="http://www.springframework.org/schema/p" xmlns:tx="http://www.springframework.org/schema/tx"
	xmlns:util="http://www.springframework.org/schema/util"
	xsi:schemaLocation="http://www.springframework.org/schema/beans http://www.springframework.org/schema/beans/spring-beans.xsd
        http://www.springframework.org/schema/aop http://www.springframework.org/schema/aop/spring-aop.xsd
        http://www.springframework.org/schema/context http://www.springframework.org/schema/context/spring-context.xsd
        http://www.springframework.org/schema/jee http://www.springframework.org/schema/jee/spring-jee.xsd
        http://www.springframework.org/schema/lang http://www.springframework.org/schema/lang/spring-lang.xsd
        http://www.springframework.org/schema/tx http://www.springframework.org/schema/tx/spring-tx.xsd
        http://www.springframework.org/schema/util http://www.springframework.org/schema/util/spring-util.xsd">

	<context:annotation-config />
	<context:component-scan base-package="com.honeywell.fitness" />

	<bean id="jspViewResolver"
		class="org.springframework.web.servlet.view.InternalResourceViewResolver">
		<property name="viewClass"
			value="org.springframework.web.servlet.view.JstlView" />
		<property name="prefix" value="/WEB-INF/view/" />
		<property name="suffix" value=".jsp" />
	</bean>

	<bean id="messageSource"
		class="org.springframework.context.support.ReloadableResourceBundleMessageSource">
		<property name="basename" value="classpath:messages" />
		<property name="defaultEncoding" value="UTF-8" />
	</bean>
	<bean id="propertyConfigurer"
		class="org.springframework.beans.factory.config.PropertyPlaceholderConfigurer"
		p:location="/WEB-INF/database.properties" />

	<bean id="dataSource" class="org.apache.commons.dbcp.BasicDataSource"
		destroy-method="close" p:driverClassName="${jdbc.driverClassName}"
		p:url="${jdbc.databaseurl}" p:username="${jdbc.username}" p:password="${jdbc.password}" />


	<bean id="sessionFactory"
		class="org.springframework.orm.hibernate3.LocalSessionFactoryBean">
		<property name="dataSource" ref="dataSource" />
		<property name="mappingResources">
			<list>
				<value>User.hbm.xml</value>
			</list>
		</property>
		<property name="configLocation">
			<value>/WEB-INF/resources/hibernate.cfg.xml</value>
		</property>
		<property name="configurationClass">
			<value>org.hibernate.cfg.AnnotationConfiguration</value>
		</property>
		<property name="hibernateProperties">
			<value>
				hibernate.dialect=org.hibernate.dialect.MySQLDialect
				hibernate.show_sql=true
			</value>
		</property>
	</bean>

	<bean id="userDAO" class="com.honeywell.fitness.dao.UserDaoImpl"></bean>
	<bean id="userService" class="com.honeywell.fitness.service.UserServiceImpl"></bean>

	<tx:annotation-driven />
	<bean id="transactionManager"
		class="org.springframework.orm.hibernate4.HibernateTransactionManager">
		<property name="sessionFactory" ref="sessionFactory" />
	</bean>

</beans>