<?xml version="1.0" encoding="UTF-8"?>
<!DOCTYPE hibernate-mapping PUBLIC
"-//Hibernate/Hibernate Mapping DTD 3.0//EN"
"http://hibernate.sourceforge.net/hibernate-mapping-3.0.dtd">

<hibernate-mapping>
	<class name="com.honeywell.fitnessfreaks.model.User" table="User">
		<id column="id" name="id" type="java.lang.Integer">
			<generator class="native" />
		</id>
		<property column="firstname" name="firstname" type="java.lang.String" />
		<property column="lastname" name="lastname" type="java.lang.String" />
		<property column="email" name="email" type="java.lang.String" />
		<property column="telephone" name="telephone" type="java.lang.String" />
	</class>
</hibernate-mapping>